f0020-07-u.cnf,UNSAT,1.826593,83
f0020-07-u.cnf,UNSAT,1.8247319999999998,83
f0020-07-u.cnf,UNSAT,1.828703,79
f0020-07-u.cnf,UNSAT,1.8073240000000004,82
f0020-07-u.cnf,UNSAT,1.8046439999999997,82
f0020-07-u.cnf,UNSAT,1.8027599999999993,81
f0020-07-u.cnf,UNSAT,1.8045299999999997,83
f0020-07-u.cnf,UNSAT,1.803934,80
f0020-07-u.cnf,UNSAT,1.8014979999999987,83
f0020-07-u.cnf,UNSAT,1.813285999999998,81
f0020-01-s.cnf,"[0, 1, -2, 3, 4, -5, -6, 7, -8, -9, -10, 11, 12, -13, -14, 15, 16, -17, -18, 19, 20]",0.0005079999999999529,84
f0020-01-s.cnf,"[0, 1, -2, 3, 4, -5, -6, 7, -8, -9, -10, 11, 12, -13, -14, 15, 16, -17, -18, 19, 20]",0.0021999999999984254,84
f0020-01-s.cnf,"[0, 1, -2, -3, 4, -5, -6, 7, -8, -9, -10, -11, 12, -13, -14, 15, 16, -17, -18, 19, 20]",0.0163960000000003,84
f0020-01-s.cnf,"[0, 1, -2, 3, 4, -5, -6, 7, -8, -9, -10, 11, 12, -13, -14, 15, 16, -17, -18, 19, 20]",0.003748999999999114,84
f0020-01-s.cnf,"[0, 1, -2, -3, 4, -5, -6, 7, -8, -9, -10, 11, -12, 13, -14, 15, 16, -17, -18, -19, -20]",0.00023500000000353793,84
f0020-01-s.cnf,"[0, 1, -2, 3, 4, -5, -6, 7, -8, -9, -10, 11, 12, -13, -14, 15, 16, -17, -18, 19, 20]",0.0009380000000014377,84
f0020-01-s.cnf,"[0, 1, -2, -3, 4, -5, -6, 7, -8, -9, -10, -11, 12, -13, -14, 15, 16, -17, -18, 19, 20]",0.0003279999999996619,84
f0020-01-s.cnf,"[0, 1, -2, -3, 4, -5, -6, 7, -8, -9, -10, 11, -12, 13, -14, 15, 16, -17, -18, -19, -20]",0.006600999999999857,84
f0020-01-s.cnf,"[0, 1, -2, -3, 4, -5, -6, 7, -8, -9, -10, 11, 12, -13, -14, 15, 16, -17, -18, 19, 20]",0.0008830000000017435,84
f0020-01-s.cnf,"[0, 1, -2, -3, 4, -5, -6, 7, -8, -9, -10, 11, -12, 13, -14, 15, 16, -17, -18, -19, -20]",0.005160000000000053,84
f0040-07-s.cnf,"[0, 1, -2, 3, -4, 5, 6, -7, 8, -9, -10, 11, 12, 13, -14, 15, -16, -17, 18, -19, -20, 21, -22, -23, -24, 25, -26, 27, -28, 29, -30, -31, 32, -33, 34, 35, 36, 37, -38, 39, -40]",0.008116000000001122,168
f0040-07-s.cnf,"[0, 1, -2, 3, -4, -5, 6, -7, -8, -9, -10, 11, -12, 13, -14, 15, -16, 17, 18, -19, 20, 21, -22, 23, 24, 25, -26, 27, -28, 29, -30, 31, 32, -33, 34, 35, -36, 37, -38, 39, -40]",0.004125000000001933,168
f0040-07-s.cnf,"[0, 1, -2, -3, 4, 5, 6, -7, 8, -9, -10, 11, 12, 13, -14, 15, -16, -17, 18, -19, -20, 21, -22, -23, -24, 25, -26, 27, -28, 29, -30, 31, 32, -33, 34, 35, 36, 37, -38, 39, -40]",0.002089999999999037,168
f0040-07-s.cnf,"[0, 1, -2, 3, -4, -5, 6, -7, -8, -9, -10, 11, -12, 13, -14, 15, -16, 17, 18, -19, 20, 21, -22, 23, 24, 25, -26, 27, -28, 29, -30, -31, 32, -33, 34, 35, -36, 37, -38, 39, -40]",0.10043100000000038,168
f0040-07-s.cnf,"[0, 1, -2, -3, 4, 5, 6, -7, 8, 9, -10, 11, 12, 13, -14, 15, -16, -17, 18, -19, -20, 21, -22, -23, -24, 25, -26, 27, -28, 29, -30, -31, 32, -33, 34, 35, 36, 37, -38, -39, -40]",0.04348300000000194,168
f0040-07-s.cnf,"[0, 1, -2, 3, -4, -5, 6, -7, -8, -9, -10, 11, -12, 13, -14, 15, -16, 17, 18, -19, -20, 21, -22, -23, 24, 25, -26, 27, -28, 29, -30, -31, -32, -33, 34, 35, -36, 37, -38, -39, 40]",0.03459099999999893,168
f0040-07-s.cnf,"[0, 1, -2, 3, -4, 5, 6, -7, 8, -9, -10, 11, 12, 13, -14, 15, -16, 17, 18, -19, -20, 21, -22, -23, -24, 25, -26, 27, -28, 29, -30, -31, -32, -33, 34, 35, 36, 37, -38, -39, -40]",0.020427000000001527,168
f0040-07-s.cnf,"[0, 1, -2, 3, -4, -5, 6, -7, -8, -9, -10, 11, -12, 13, -14, 15, -16, 17, 18, -19, -20, 21, -22, -23, 24, 25, -26, 27, -28, 29, -30, -31, -32, -33, 34, 35, -36, 37, -38, 39, 40]",0.04152699999999854,168
f0040-07-s.cnf,"[0, 1, -2, -3, 4, 5, 6, -7, 8, 9, -10, 11, 12, 13, -14, 15, -16, -17, 18, -19, -20, 21, -22, -23, -24, 25, -26, 27, -28, 29, -30, 31, 32, -33, 34, 35, 36, 37, -38, 39, -40]",0.020144999999999413,168
f0040-07-s.cnf,"[0, 1, -2, 3, -4, 5, 6, -7, 8, -9, -10, 11, 12, 13, -14, 15, -16, -17, 18, -19, -20, 21, -22, -23, -24, 25, -26, 27, -28, 29, -30, -31, -32, -33, 34, 35, 36, 37, -38, 39, -40]",0.0012079999999983215,168
f0040-01-u.cnf,UNSAT,3.645538000000002,165
f0040-01-u.cnf,UNSAT,3.612552000000001,166
f0040-01-u.cnf,UNSAT,3.629536999999999,167
f0040-01-u.cnf,UNSAT,3.5958620000000003,161
f0040-01-u.cnf,UNSAT,3.5858220000000003,159
f0040-01-u.cnf,UNSAT,3.6160600000000045,165
f0040-01-u.cnf,UNSAT,3.656756999999999,167
f0040-01-u.cnf,UNSAT,3.636136999999998,166
f0040-01-u.cnf,UNSAT,3.5966200000000015,163
f0040-01-u.cnf,UNSAT,3.6001830000000012,164
f0040-03-u.cnf,UNSAT,3.640104000000001,161
f0040-03-u.cnf,UNSAT,3.678235000000001,167
f0040-03-u.cnf,UNSAT,3.6631630000000044,163
f0040-03-u.cnf,UNSAT,3.656345999999999,165
f0040-03-u.cnf,UNSAT,3.6540609999999987,163
f0040-03-u.cnf,UNSAT,3.643445,162
f0040-03-u.cnf,UNSAT,3.6601689999999962,165
f0040-03-u.cnf,UNSAT,3.643792999999988,166
f0040-03-u.cnf,UNSAT,3.6518370000000004,165
f0040-03-u.cnf,UNSAT,3.6682009999999963,166
f0040-05-s.cnf,"[0, -1, 2, -3, -4, 5, -6, -7, 8, 9, -10, -11, -12, 13, -14, -15, 16, -17, 18, -19, -20, 21, 22, -23, 24, -25, -26, 27, -28, 29, -30, 31, -32, -33, -34, -35, -36, -37, -38, 39, 40]",0.0012940000000014606,168
f0040-05-s.cnf,"[0, -1, -2, -3, 4, 5, 6, -7, 8, 9, 10, 11, -12, -13, 14, -15, -16, 17, -18, 19, -20, -21, 22, 23, -24, -25, -26, 27, 28, 29, -30, -31, -32, 33, -34, -35, -36, 37, -38, 39, 40]",0.03386199999999917,168
f0040-05-s.cnf,"[0, -1, -2, -3, 4, 5, 6, -7, 8, 9, 10, 11, -12, -13, 14, -15, -16, 17, 18, 19, -20, -21, 22, 23, 24, -25, -26, 27, 28, -29, -30, -31, -32, 33, -34, -35, -36, 37, -38, 39, 40]",0.020341999999999416,168
f0040-05-s.cnf,"[0, 1, 2, -3, -4, 5, -6, -7, 8, 9, -10, -11, 12, 13, -14, -15, 16, -17, -18, -19, -20, 21, 22, -23, 24, -25, -26, 27, -28, 29, -30, 31, -32, -33, -34, -35, -36, -37, -38, 39, -40]",0.0011790000000075906,168
f0040-05-s.cnf,"[0, -1, 2, -3, -4, 5, -6, -7, 8, 9, -10, -11, -12, 13, -14, -15, 16, -17, 18, -19, -20, 21, 22, -23, 24, -25, -26, 27, -28, 29, -30, 31, -32, -33, -34, -35, -36, -37, -38, 39, 40]",0.0026030000000076825,168
f0040-05-s.cnf,"[0, 1, -2, -3, -4, 5, -6, -7, 8, 9, 10, -11, -12, 13, 14, 15, -16, 17, 18, 19, -20, -21, 22, -23, 24, -25, -26, -27, -28, -29, -30, -31, -32, -33, 34, -35, -36, 37, -38, 39, 40]",0.0018500000000045702,168
f0040-05-s.cnf,"[0, -1, -2, -3, -4, 5, -6, -7, 8, 9, 10, -11, -12, 13, -14, -15, -16, 17, 18, 19, -20, 21, 22, -23, 24, -25, -26, -27, -28, -29, -30, -31, -32, -33, -34, -35, -36, 37, -38, 39, -40]",0.00528500000000065,168
f0040-05-s.cnf,"[0, -1, 2, -3, -4, -5, -6, -7, 8, 9, -10, -11, -12, 13, -14, -15, 16, -17, -18, -19, -20, 21, 22, -23, 24, -25, -26, 27, -28, 29, -30, 31, -32, -33, -34, -35, -36, -37, -38, 39, 40]",0.001386999999994032,168
f0040-05-s.cnf,"[0, -1, -2, -3, 4, 5, 6, -7, 8, 9, 10, 11, -12, -13, 14, 15, -16, 17, 18, 19, -20, -21, 22, 23, -24, -25, -26, 27, 28, -29, -30, -31, -32, 33, -34, -35, -36, 37, -38, 39, 40]",0.017643000000006737,168
f0040-05-s.cnf,"[0, -1, -2, -3, 4, 5, 6, -7, 8, 9, 10, 11, -12, -13, 14, 15, -16, 17, 18, 19, -20, -21, 22, 23, 24, -25, -26, 27, 28, 29, -30, -31, -32, 33, -34, -35, -36, 37, -38, 39, 40]",0.008206999999998743,168
f0020-03-s.cnf,"[0, -1, 2, 3, -4, 5, 6, 7, -8, 9, 10, 11, 12, -13, -14, -15, 16, -17, -18, -19, -20]",0.00020700000000317686,84
f0020-03-s.cnf,"[0, -1, 2, 3, -4, -5, 6, -7, -8, 9, 10, 11, 12, -13, -14, -15, 16, -17, -18, -19, 20]",0.0004310000000060654,84
f0020-03-s.cnf,"[0, -1, 2, 3, -4, 5, 6, 7, -8, 9, 10, 11, 12, 13, -14, -15, 16, -17, -18, 19, -20]",0.0004909999999966885,84
f0020-03-s.cnf,"[0, -1, 2, 3, -4, 5, 6, 7, -8, 9, 10, 11, 12, -13, -14, -15, 16, -17, -18, -19, -20]",0.00011100000000396903,84
f0020-03-s.cnf,"[0, -1, 2, 3, -4, 5, 6, 7, -8, 9, 10, 11, 12, 13, -14, -15, 16, -17, -18, 19, -20]",0.0005420000000100345,84
f0020-03-s.cnf,"[0, 1, 2, 3, 4, 5, 6, 7, 8, 9, 10, -11, -12, -13, -14, -15, 16, -17, -18, 19, -20]",0.0033320000000003347,84
f0020-03-s.cnf,"[0, -1, 2, 3, -4, 5, 6, 7, -8, -9, 10, 11, 12, -13, -14, -15, 16, -17, -18, -19, -20]",0.0003810000000044056,84
f0020-03-s.cnf,"[0, 1, 2, 3, 4, 5, 6, 7, 8, 9, 10, -11, -12, -13, -14, -15, 16, -17, -18, 19, -20]",0.0002819999999985612,84
f0020-03-s.cnf,"[0, -1, 2, 3, -4, 5, 6, 7, -8, -9, 10, 11, 12, -13, -14, -15, 16, -17, -18, 19, -20]",0.001720000000005939,84
f0020-03-s.cnf,"[0, 1, 2, 3, 4, 5, 6, 7, 8, 9, 10, -11, -12, -13, -14, -15, 16, -17, -18, 19, -20]",0.0009800000000126374,84
f0020-05-u.cnf,UNSAT,1.755791000000002,83
f0020-05-u.cnf,UNSAT,1.7753900000000016,81
f0020-05-u.cnf,UNSAT,1.762194000000008,83
f0020-05-u.cnf,UNSAT,1.7616900000000015,80
f0020-05-u.cnf,UNSAT,1.771410000000003,83
f0020-05-u.cnf,UNSAT,1.801637999999997,80
f0020-05-u.cnf,UNSAT,1.7586650000000077,81
f0020-05-u.cnf,UNSAT,1.7630340000000047,83
f0020-05-u.cnf,UNSAT,1.8014869999999945,83
f0020-05-u.cnf,UNSAT,1.761023999999992,80
f0020-07-s.cnf,"[0, -1, 2, 3, -4, -5, -6, -7, 8, 9, -10, 11, -12, -13, -14, 15, -16, -17, -18, -19, -20]",0.00023799999999596366,84
f0020-07-s.cnf,"[0, -1, -2, 3, -4, 5, -6, 7, 8, 9, -10, -11, -12, 13, -14, -15, -16, -17, -18, -19, 20]",0.00021499999999718966,84
f0020-07-s.cnf,"[0, -1, -2, 3, -4, 5, 6, -7, 8, 9, 10, 11, -12, -13, -14, 15, -16, -17, -18, 19, 20]",0.0002340000000060627,84
f0020-07-s.cnf,"[0, 1, -2, 3, -4, -5, -6, -7, -8, 9, -10, 11, -12, -13, -14, 15, -16, -17, -18, -19, -20]",9.299999999257125e-05,84
f0020-07-s.cnf,"[0, -1, 2, 3, -4, 5, -6, -7, 8, 9, -10, 11, -12, -13, -14, 15, -16, -17, -18, -19, -20]",0.0008809999999925822,84
f0020-07-s.cnf,"[0, -1, 2, 3, -4, -5, -6, -7, 8, 9, -10, 11, -12, -13, -14, 15, -16, -17, -18, -19, -20]",0.00026800000000548607,84
f0020-07-s.cnf,"[0, -1, 2, 3, 4, 5, 6, -7, 8, 9, 10, 11, -12, -13, -14, 15, -16, -17, -18, 19, 20]",0.0004179999999962547,84
f0020-07-s.cnf,"[0, -1, -2, 3, -4, 5, -6, 7, 8, 9, -10, -11, -12, 13, -14, -15, -16, -17, -18, -19, 20]",0.0009529999999955407,84
f0020-07-s.cnf,"[0, 1, -2, -3, -4, 5, 6, -7, 8, 9, 10, 11, -12, -13, -14, 15, 16, -17, -18, 19, 20]",0.00028700000000014825,84
f0020-07-s.cnf,"[0, 1, -2, 3, -4, 5, 6, -7, 8, 9, -10, 11, 12, -13, -14, 15, -16, -17, -18, 19, -20]",0.0004760000000061382,84
f0020-01-u.cnf,UNSAT,1.7796570000000003,82
f0020-01-u.cnf,UNSAT,1.7931530000000038,83
f0020-01-u.cnf,UNSAT,1.7851639999999946,79
f0020-01-u.cnf,UNSAT,1.7907170000000008,80
f0020-01-u.cnf,UNSAT,1.7833029999999894,82
f0020-01-u.cnf,UNSAT,1.7842289999999963,81
f0020-01-u.cnf,UNSAT,1.7772080000000017,79
f0020-01-u.cnf,UNSAT,1.7803289999999947,83
f0020-01-u.cnf,UNSAT,1.7997370000000075,78
f0020-01-u.cnf,UNSAT,1.7980859999999979,80
f0040-07-u.cnf,UNSAT,3.4870580000000047,166
f0040-07-u.cnf,UNSAT,3.4689500000000066,166
f0040-07-u.cnf,UNSAT,3.4967749999999853,165
f0040-07-u.cnf,UNSAT,3.4612269999999796,165
f0040-07-u.cnf,UNSAT,3.480651000000023,162
f0040-07-u.cnf,UNSAT,3.4796479999999974,167
f0040-07-u.cnf,UNSAT,3.4761000000000024,166
f0040-07-u.cnf,UNSAT,3.479299999999995,165
f0040-07-u.cnf,UNSAT,3.4845750000000066,165
f0040-07-u.cnf,UNSAT,3.482050000000015,166
f0040-01-s.cnf,"[0, -1, -2, 3, -4, -5, -6, 7, 8, 9, 10, 11, 12, -13, 14, 15, 16, -17, -18, 19, -20, 21, 22, 23, -24, 25, 26, 27, -28, -29, 30, 31, 32, -33, 34, 35, 36, -37, -38, -39, 40]",0.024019999999978836,168
f0040-01-s.cnf,"[0, -1, -2, 3, 4, 5, 6, 7, 8, -9, 10, -11, -12, 13, -14, 15, -16, -17, -18, 19, -20, -21, -22, 23, 24, 25, -26, 27, 28, -29, -30, 31, -32, -33, -34, -35, 36, 37, 38, 39, -40]",0.0014270000000067284,168
f0040-01-s.cnf,"[0, -1, -2, 3, 4, 5, -6, 7, 8, 9, 10, 11, -12, 13, -14, 15, -16, -17, -18, 19, -20, -21, -22, 23, 24, 25, -26, 27, 28, -29, -30, 31, -32, -33, -34, -35, 36, 37, 38, -39, -40]",0.0033669999999972333,168
f0040-01-s.cnf,"[0, -1, -2, -3, -4, -5, -6, 7, 8, 9, 10, 11, 12, 13, 14, 15, 16, -17, -18, 19, -20, 21, 22, 23, -24, 25, 26, 27, -28, -29, 30, 31, 32, -33, 34, 35, 36, -37, -38, -39, 40]",0.0036550000000090677,168
f0040-01-s.cnf,"[0, -1, -2, 3, -4, 5, 6, 7, 8, 9, 10, -11, 12, -13, -14, 15, -16, -17, -18, 19, -20, 21, 22, 23, -24, 25, 26, 27, 28, -29, 30, 31, 32, -33, 34, -35, 36, -37, 38, -39, -40]",0.013449000000008482,168
f0040-01-s.cnf,"[0, -1, -2, 3, 4, 5, 6, 7, 8, 9, 10, -11, 12, -13, -14, 15, -16, -17, -18, 19, -20, -21, 22, 23, 24, 25, 26, 27, 28, -29, 30, 31, 32, -33, 34, -35, 36, 37, 38, -39, -40]",0.004919999999998481,168
f0040-01-s.cnf,"[0, -1, 2, -3, -4, -5, -6, 7, 8, 9, 10, -11, 12, 13, 14, -15, -16, -17, -18, 19, -20, 21, 22, 23, -24, 25, -26, 27, -28, -29, 30, -31, -32, -33, 34, -35, 36, -37, -38, -39, 40]",0.0030280000000004748,168
f0040-01-s.cnf,"[0, -1, 2, -3, -4, -5, -6, 7, 8, 9, 10, 11, 12, 13, 14, -15, 16, -17, -18, 19, -20, 21, 22, 23, -24, 25, -26, 27, -28, -29, 30, -31, -32, -33, 34, -35, 36, -37, -38, -39, 40]",0.0022310000000231867,168
f0040-01-s.cnf,"[0, -1, -2, 3, -4, -5, -6, 7, 8, 9, 10, -11, 12, -13, 14, 15, -16, -17, -18, 19, -20, 21, 22, 23, -24, 25, 26, 27, -28, -29, 30, 31, 32, -33, 34, 35, 36, -37, -38, -39, -40]",0.002057000000007747,168
f0040-01-s.cnf,"[0, -1, -2, -3, 4, 5, 6, 7, 8, 9, 10, -11, 12, -13, 14, -15, -16, -17, -18, 19, -20, -21, 22, 23, -24, 25, 26, 27, 28, -29, 30, 31, 32, -33, 34, -35, 36, 37, -38, -39, -40]",0.0053499999999928605,168
f0040-03-s.cnf,"[0, 1, -2, -3, 4, 5, -6, -7, 8, 9, -10, -11, -12, 13, 14, -15, -16, 17, -18, 19, -20, 21, -22, -23, 24, -25, 26, -27, 28, 29, 30, -31, -32, -33, -34, 35, -36, 37, -38, 39, 40]",0.001601000000022168,168
f0040-03-s.cnf,"[0, 1, -2, 3, 4, 5, -6, -7, -8, 9, -10, -11, -12, 13, 14, -15, -16, 17, -18, 19, -20, 21, -22, -23, -24, -25, 26, -27, -28, 29, -30, -31, 32, -33, 34, -35, -36, 37, 38, 39, 40]",0.01853700000000913,168
f0040-03-s.cnf,"[0, 1, -2, 3, 4, 5, -6, -7, -8, 9, -10, 11, -12, -13, 14, -15, -16, 17, -18, 19, -20, -21, 22, -23, -24, -25, 26, -27, -28, 29, -30, -31, 32, -33, 34, -35, -36, 37, 38, 39, 40]",0.001377999999988333,168
f0040-03-s.cnf,"[0, 1, -2, -3, 4, 5, -6, -7, -8, 9, -10, -11, -12, -13, 14, -15, -16, 17, -18, 19, -20, -21, 22, -23, 24, -25, 26, -27, 28, 29, 30, -31, -32, 33, -34, 35, -36, 37, 38, 39, 40]",0.0016860000000065156,168
f0040-03-s.cnf,"[0, -1, 2, -3, 4, 5, -6, -7, 8, 9, -10, -11, -12, 13, -14, -15, -16, 17, -18, 19, -20, 21, 22, -23, 24, -25, 26, 27, 28, 29, 30, -31, 32, -33, 34, -35, -36, 37, 38, -39, 40]",0.006110000000006721,168
f0040-03-s.cnf,"[0, 1, -2, -3, 4, 5, -6, -7, 8, 9, -10, -11, -12, 13, 14, -15, -16, 17, -18, 19, -20, 21, -22, -23, 24, -25, 26, -27, 28, 29, 30, -31, -32, -33, 34, 35, -36, 37, -38, 39, 40]",0.017910999999998012,168
f0040-03-s.cnf,"[0, 1, -2, 3, 4, 5, -6, -7, -8, 9, -10, -11, -12, 13, 14, -15, -16, 17, -18, 19, -20, 21, -22, -23, -24, -25, 26, -27, -28, 29, -30, -31, 32, 33, 34, -35, -36, 37, 38, 39, 40]",0.00998599999999783,168
f0040-03-s.cnf,"[0, 1, -2, -3, 4, 5, -6, -7, -8, 9, -10, -11, -12, -13, 14, -15, -16, 17, -18, 19, -20, -21, 22, -23, -24, -25, 26, -27, -28, 29, 30, -31, 32, -33, 34, -35, -36, 37, 38, 39, 40]",0.016631000000018048,168
f0040-03-s.cnf,"[0, 1, -2, 3, 4, 5, -6, -7, -8, 9, -10, -11, -12, 13, 14, -15, -16, 17, -18, 19, -20, 21, -22, -23, 24, -25, 26, -27, 28, 29, 30, -31, 32, -33, 34, -35, -36, 37, 38, 39, 40]",0.0028939999999977317,168
f0040-03-s.cnf,"[0, 1, -2, 3, 4, 5, -6, -7, -8, 9, -10, -11, -12, 13, 14, -15, -16, 17, -18, 19, -20, 21, -22, -23, 24, -25, 26, -27, 28, 29, 30, -31, -32, 33, -34, 35, -36, 37, 38, 39, 40]",0.002211999999985892,168
f0040-05-u.cnf,UNSAT,3.5496730000000127,163
f0040-05-u.cnf,UNSAT,3.5425770000000227,167
f0040-05-u.cnf,UNSAT,3.5463419999999815,162
f0040-05-u.cnf,UNSAT,3.5483959999999968,167
f0040-05-u.cnf,UNSAT,3.538665000000009,165
f0040-05-u.cnf,UNSAT,3.527799999999985,158
f0040-05-u.cnf,UNSAT,3.5349370000000135,167
f0040-05-u.cnf,UNSAT,3.531308999999993,167
f0040-05-u.cnf,UNSAT,3.53715600000001,166
f0040-05-u.cnf,UNSAT,3.527645000000007,157
f0020-03-u.cnf,UNSAT,1.814504999999997,83
f0020-03-u.cnf,UNSAT,1.8145230000000083,82
f0020-03-u.cnf,UNSAT,1.823681999999991,83
f0020-03-u.cnf,UNSAT,1.8215560000000153,83
f0020-03-u.cnf,UNSAT,1.8104979999999955,83
f0020-03-u.cnf,UNSAT,1.8028329999999926,83
f0020-03-u.cnf,UNSAT,1.816328999999996,83
f0020-03-u.cnf,UNSAT,1.8137370000000033,81
f0020-03-u.cnf,UNSAT,1.8048430000000053,81
f0020-03-u.cnf,UNSAT,1.8372909999999933,82
f0020-05-s.cnf,"[0, 1, 2, -3, -4, -5, -6, -7, -8, -9, -10, 11, -12, -13, 14, 15, 16, 17, 18, -19, 20]",0.000644999999991569,84
f0020-05-s.cnf,"[0, -1, -2, -3, -4, -5, 6, -7, -8, -9, 10, 11, -12, -13, 14, -15, -16, -17, -18, -19, 20]",0.003100000000017644,84
f0020-05-s.cnf,"[0, -1, -2, -3, -4, -5, 6, -7, -8, -9, 10, 11, -12, -13, 14, -15, -16, -17, -18, -19, 20]",0.0004320000000177515,84
f0020-05-s.cnf,"[0, 1, 2, -3, -4, -5, -6, -7, -8, -9, -10, 11, -12, -13, 14, -15, 16, 17, 18, -19, 20]",0.001073999999988473,84
f0020-05-s.cnf,"[0, 1, 2, 3, -4, -5, -6, -7, -8, 9, -10, 11, -12, -13, 14, -15, 16, 17, 18, 19, 20]",0.0004910000000108994,84
f0020-05-s.cnf,"[0, 1, 2, 3, -4, -5, -6, -7, -8, -9, -10, 11, -12, -13, 14, -15, 16, 17, 18, -19, 20]",0.00042600000000447835,84
f0020-05-s.cnf,"[0, 1, 2, -3, -4, -5, -6, -7, -8, -9, -10, 11, -12, -13, 14, -15, 16, 17, 18, -19, 20]",0.001343000000019856,84
f0020-05-s.cnf,"[0, 1, 2, 3, -4, -5, -6, -7, -8, 9, -10, 11, -12, -13, 14, 15, 16, 17, 18, 19, 20]",0.00029500000002258275,84
f0020-05-s.cnf,"[0, 1, 2, -3, -4, -5, -6, -7, -8, -9, -10, 11, -12, -13, 14, 15, 16, 17, 18, -19, 20]",0.00024200000001428634,84
f0020-05-s.cnf,"[0, 1, 2, -3, -4, -5, -6, -7, -8, -9, -10, 11, -12, -13, 14, -15, 16, 17, 18, -19, 20]",0.0002319999999826905,84
f0040-04-s.cnf,"[0, 1, 2, -3, -4, 5, -6, -7, 8, 9, -10, 11, -12, -13, 14, -15, 16, -17, 18, 19, -20, 21, -22, 23, 24, -25, 26, -27, -28, -29, -30, -31, 32, 33, 34, -35, 36, 37, 38, 39, 40]",0.000990999999999076,168
f0040-04-s.cnf,"[0, 1, 2, -3, -4, 5, -6, -7, 8, 9, -10, 11, -12, -13, 14, -15, 16, -17, 18, 19, -20, 21, -22, 23, 24, -25, 26, -27, -28, -29, -30, -31, 32, 33, 34, -35, 36, 37, 38, 39, 40]",0.0013570000000129312,168
f0040-04-s.cnf,"[0, 1, 2, -3, -4, 5, -6, -7, 8, -9, -10, 11, 12, -13, 14, -15, 16, -17, -18, 19, -20, -21, -22, 23, 24, 25, 26, -27, -28, -29, 30, -31, -32, 33, -34, -35, 36, 37, 38, 39, 40]",0.006127999999989697,168
f0040-04-s.cnf,"[0, 1, 2, -3, -4, 5, -6, -7, 8, -9, -10, 11, -12, -13, 14, -15, 16, -17, -18, 19, -20, 21, -22, 23, 24, 25, 26, -27, -28, -29, 30, -31, 32, 33, -34, -35, 36, 37, 38, 39, 40]",0.012732999999997219,168
f0040-04-s.cnf,"[0, 1, -2, -3, -4, -5, -6, -7, 8, -9, -10, 11, 12, -13, 14, -15, 16, -17, -18, 19, -20, -21, -22, 23, -24, 25, 26, -27, -28, -29, 30, -31, -32, 33, -34, -35, 36, 37, 38, 39, -40]",0.009816999999998188,168
f0040-04-s.cnf,"[0, 1, 2, -3, -4, 5, -6, -7, 8, -9, -10, 11, -12, -13, 14, -15, -16, -17, -18, 19, -20, -21, -22, 23, 24, 25, 26, -27, -28, -29, 30, -31, -32, 33, -34, -35, 36, 37, 38, -39, 40]",0.0029580000000066775,168
f0040-04-s.cnf,"[0, 1, 2, -3, -4, 5, -6, -7, 8, 9, -10, 11, 12, -13, 14, -15, 16, -17, -18, 19, -20, -21, -22, 23, 24, 25, 26, -27, -28, -29, 30, -31, -32, 33, -34, -35, 36, 37, 38, 39, -40]",0.001936000000000604,168
f0040-04-s.cnf,"[0, 1, 2, -3, -4, 5, -6, -7, 8, -9, -10, 11, 12, -13, 14, -15, 16, -17, -18, 19, -20, -21, -22, 23, 24, 25, 26, -27, -28, -29, 30, -31, -32, 33, -34, -35, 36, 37, 38, 39, -40]",0.004243000000002439,168
f0040-04-s.cnf,"[0, 1, 2, -3, -4, 5, -6, -7, 8, 9, -10, 11, 12, -13, 14, -15, 16, -17, -18, 19, -20, -21, -22, 23, 24, 25, 26, -27, -28, -29, 30, -31, -32, 33, -34, -35, 36, 37, 38, 39, 40]",0.0026679999999998927,168
f0040-04-s.cnf,"[0, 1, 2, -3, -4, 5, -6, -7, 8, -9, -10, 11, -12, -13, 14, -15, 16, -17, -18, 19, -20, -21, -22, 23, 24, 25, 26, -27, -28, -29, 30, -31, 32, 33, -34, -35, 36, 37, 38, 39, 40]",0.015525999999994156,168
f0040-02-u.cnf,UNSAT,3.65525599999998,164
f0040-02-u.cnf,UNSAT,3.684447000000006,166
f0040-02-u.cnf,UNSAT,3.718076999999994,166
f0040-02-u.cnf,UNSAT,3.6679010000000005,165
f0040-02-u.cnf,UNSAT,3.668108000000018,164
f0040-02-u.cnf,UNSAT,3.7065410000000156,167
f0040-02-u.cnf,UNSAT,3.7115670000000023,164
f0040-02-u.cnf,UNSAT,3.6575339999999983,163
f0040-02-u.cnf,UNSAT,3.702179000000001,166
f0040-02-u.cnf,UNSAT,3.6598940000000084,162
f0020-04-u.cnf,UNSAT,1.8297039999999924,83
f0020-04-u.cnf,UNSAT,1.8470969999999909,82
f0020-04-u.cnf,UNSAT,1.8549189999999953,83
f0020-04-u.cnf,UNSAT,1.830415999999957,83
f0020-04-u.cnf,UNSAT,1.8295669999999973,83
f0020-04-u.cnf,UNSAT,1.8306680000000028,83
f0020-04-u.cnf,UNSAT,1.8393050000000244,83
f0020-04-u.cnf,UNSAT,1.8261149999999589,83
f0020-04-u.cnf,UNSAT,1.8323819999999955,83
f0020-04-u.cnf,UNSAT,1.8466119999999933,82
f0020-02-s.cnf,"[0, 1, 2, 3, 4, 5, -6, 7, -8, 9, 10, -11, -12, -13, 14, 15, -16, 17, 18, 19, 20]",0.00014600000002928937,84
f0020-02-s.cnf,"[0, 1, 2, -3, -4, 5, 6, 7, 8, 9, -10, 11, 12, -13, 14, 15, -16, -17, -18, 19, 20]",0.0003260000000295804,84
f0020-02-s.cnf,"[0, 1, -2, 3, 4, 5, 6, 7, -8, 9, 10, -11, -12, -13, -14, 15, -16, 17, 18, 19, 20]",0.00015300000001161607,84
f0020-02-s.cnf,"[0, 1, 2, -3, 4, 5, -6, 7, -8, 9, 10, -11, -12, -13, 14, 15, -16, 17, -18, 19, -20]",0.000321999999982836,84
f0020-02-s.cnf,"[0, 1, 2, 3, 4, 5, 6, 7, -8, 9, 10, -11, -12, -13, -14, 15, -16, 17, 18, 19, -20]",0.00012499999996862243,84
f0020-02-s.cnf,"[0, 1, 2, -3, -4, 5, 6, 7, 8, 9, -10, -11, 12, -13, -14, 15, -16, -17, -18, 19, 20]",0.00046299999996790575,84
f0020-02-s.cnf,"[0, -1, 2, 3, 4, 5, -6, 7, 8, 9, 10, -11, -12, -13, 14, -15, -16, -17, 18, 19, -20]",0.00025599999997893974,84
f0020-02-s.cnf,"[0, -1, 2, -3, 4, 5, -6, 7, 8, 9, 10, -11, -12, -13, 14, -15, -16, -17, 18, 19, -20]",0.0001330000000052678,84
f0020-02-s.cnf,"[0, 1, 2, 3, -4, 5, 6, 7, -8, 9, -10, -11, -12, -13, -14, -15, -16, 17, 18, 19, -20]",0.00021499999996876795,84
f0020-02-s.cnf,"[0, 1, 2, 3, -4, 5, 6, 7, -8, 9, -10, -11, 12, -13, -14, 15, -16, 17, 18, 19, 20]",0.0006970000000023902,84
f0020-06-u.cnf,UNSAT,1.7700330000000122,83
f0020-06-u.cnf,UNSAT,1.7774269999999888,83
f0020-06-u.cnf,UNSAT,1.802932999999996,82
f0020-06-u.cnf,UNSAT,1.7767350000000306,81
f0020-06-u.cnf,UNSAT,1.776914999999974,82
f0020-06-u.cnf,UNSAT,1.7805759999999964,83
f0020-06-u.cnf,UNSAT,1.780034999999998,81
f0020-06-u.cnf,UNSAT,1.7798990000000003,81
f0020-06-u.cnf,UNSAT,1.7699700000000007,83
f0020-06-u.cnf,UNSAT,1.7841940000000136,83
f0040-06-s.cnf,"[0, 1, 2, 3, -4, 5, 6, 7, 8, 9, -10, 11, -12, 13, 14, -15, 16, -17, 18, 19, 20, -21, -22, -23, 24, 25, 26, -27, -28, 29, 30, 31, 32, 33, -34, -35, -36, 37, -38, 39, -40]",0.00631399999997484,168
f0040-06-s.cnf,"[0, 1, 2, 3, -4, 5, 6, 7, -8, 9, -10, 11, -12, 13, 14, -15, 16, 17, 18, 19, 20, -21, 22, -23, 24, 25, 26, -27, -28, 29, 30, 31, 32, 33, -34, -35, -36, 37, -38, 39, -40]",0.0008020000000215077,168
f0040-06-s.cnf,"[0, 1, 2, 3, -4, 5, 6, 7, -8, 9, -10, 11, -12, 13, 14, -15, 16, 17, 18, 19, 20, -21, -22, -23, 24, 25, 26, -27, -28, 29, 30, -31, 32, 33, -34, -35, -36, 37, -38, 39, -40]",0.006644999999991796,168
f0040-06-s.cnf,"[0, 1, 2, 3, -4, 5, 6, 7, -8, 9, -10, 11, -12, 13, 14, -15, 16, 17, 18, 19, 20, -21, 22, -23, 24, 25, 26, -27, -28, 29, 30, 31, 32, 33, -34, -35, -36, 37, -38, 39, -40]",0.008713000000000193,168
f0040-06-s.cnf,"[0, 1, 2, 3, -4, 5, 6, 7, -8, 9, -10, 11, -12, 13, 14, -15, 16, -17, -18, 19, 20, -21, -22, -23, 24, 25, 26, -27, -28, 29, 30, 31, 32, 33, -34, -35, -36, 37, -38, 39, -40]",0.0034819999999626816,168
f0040-06-s.cnf,"[0, 1, 2, 3, -4, 5, 6, 7, -8, 9, -10, 11, -12, 13, 14, -15, 16, 17, 18, 19, 20, -21, 22, -23, 24, 25, 26, -27, 28, 29, 30, -31, 32, 33, -34, -35, -36, 37, 38, 39, -40]",0.0012560000000121363,168
f0040-06-s.cnf,"[0, -1, 2, 3, -4, 5, 6, 7, 8, 9, -10, 11, -12, 13, 14, -15, 16, 17, 18, 19, 20, -21, -22, -23, 24, 25, 26, -27, 28, 29, -30, 31, -32, 33, -34, 35, 36, 37, 38, 39, -40]",0.0031820000000379878,168
f0040-06-s.cnf,"[0, -1, 2, 3, -4, 5, 6, 7, -8, 9, -10, 11, -12, 13, 14, -15, 16, -17, -18, 19, 20, -21, -22, -23, 24, 25, 26, -27, 28, 29, -30, 31, -32, 33, -34, 35, 36, 37, 38, 39, -40]",0.006122000000004846,168
f0040-06-s.cnf,"[0, -1, 2, 3, -4, 5, 6, 7, -8, 9, -10, 11, -12, 13, 14, -15, 16, 17, 18, 19, 20, -21, -22, -23, 24, 25, 26, -27, 28, 29, -30, 31, -32, 33, -34, 35, 36, 37, 38, 39, -40]",0.005616000000031818,168
f0040-06-s.cnf,"[0, 1, 2, 3, -4, -5, 6, 7, -8, 9, -10, 11, -12, 13, 14, -15, 16, 17, 18, 19, 20, -21, 22, -23, 24, 25, 26, -27, 28, 29, 30, 31, 32, 33, -34, -35, -36, 37, 38, 39, -40]",0.001063000000044667,168
f0040-04-u.cnf,UNSAT,3.5209800000000087,166
f0040-04-u.cnf,UNSAT,3.5261559999999577,166
f0040-04-u.cnf,UNSAT,3.498950000000036,166
f0040-04-u.cnf,UNSAT,3.4960009999999784,166
f0040-04-u.cnf,UNSAT,3.4985919999999737,163
f0040-04-u.cnf,UNSAT,3.5082099999999627,164
f0040-04-u.cnf,UNSAT,3.516227000000015,166
f0040-04-u.cnf,UNSAT,3.5190840000000208,166
f0040-04-u.cnf,UNSAT,3.484741999999983,166
f0040-04-u.cnf,UNSAT,3.501702000000023,167
f0040-02-s.cnf,"[0, 1, -2, -3, -4, 5, -6, 7, 8, 9, 10, -11, -12, 13, 14, -15, 16, -17, -18, 19, 20, -21, -22, 23, -24, 25, -26, -27, -28, -29, 30, 31, -32, 33, -34, -35, 36, -37, 38, -39, 40]",0.013844000000005963,168
f0040-02-s.cnf,"[0, 1, -2, -3, -4, 5, -6, 7, 8, 9, 10, 11, 12, 13, 14, -15, 16, 17, -18, 19, 20, -21, -22, 23, -24, 25, 26, -27, -28, 29, 30, 31, -32, 33, 34, -35, 36, -37, 38, -39, 40]",0.004581000000030144,168
f0040-02-s.cnf,"[0, 1, -2, -3, -4, 5, -6, 7, 8, 9, 10, -11, -12, 13, 14, -15, 16, -17, -18, 19, -20, -21, -22, 23, -24, 25, -26, -27, -28, 29, 30, 31, -32, 33, -34, -35, 36, -37, 38, -39, 40]",0.005717000000004191,168
f0040-02-s.cnf,"[0, 1, -2, -3, -4, 5, -6, 7, 8, 9, 10, -11, -12, 13, 14, -15, 16, -17, -18, 19, 20, -21, -22, 23, -24, 25, -26, -27, -28, 29, 30, 31, -32, -33, -34, -35, 36, -37, 38, -39, 40]",0.008270000000038635,168
f0040-02-s.cnf,"[0, 1, -2, -3, -4, 5, -6, 7, 8, 9, 10, 11, 12, 13, 14, -15, 16, 17, -18, 19, 20, -21, -22, 23, -24, 25, 26, -27, -28, 29, 30, 31, -32, -33, 34, -35, 36, -37, 38, -39, 40]",0.004250000000013188,168
f0040-02-s.cnf,"[0, 1, -2, -3, -4, 5, -6, 7, 8, 9, 10, 11, 12, 13, 14, -15, 16, 17, -18, 19, 20, -21, -22, 23, -24, 25, 26, -27, -28, 29, 30, -31, -32, -33, 34, -35, 36, -37, 38, -39, 40]",0.026973999999995613,168
f0040-02-s.cnf,"[0, 1, -2, -3, -4, 5, -6, 7, 8, 9, 10, 11, 12, 13, 14, -15, 16, 17, -18, 19, 20, -21, -22, 23, -24, 25, 26, -27, -28, 29, 30, 31, -32, 33, 34, -35, 36, -37, 38, -39, 40]",0.009553000000039447,168
f0040-02-s.cnf,"[0, 1, -2, -3, -4, 5, -6, 7, 8, 9, 10, -11, 12, 13, 14, -15, 16, 17, -18, 19, -20, -21, -22, 23, -24, 25, -26, -27, -28, 29, 30, 31, -32, -33, 34, -35, 36, -37, 38, -39, 40]",0.0026690000000257896,168
f0040-02-s.cnf,"[0, 1, -2, -3, -4, 5, -6, 7, 8, 9, 10, 11, 12, 13, 14, -15, 16, 17, -18, 19, 20, -21, -22, 23, -24, 25, 26, -27, 28, 29, -30, 31, -32, 33, 34, -35, 36, -37, 38, -39, 40]",0.012149999999962802,168
f0040-02-s.cnf,"[0, 1, -2, -3, -4, 5, -6, 7, 8, 9, 10, -11, -12, 13, 14, -15, 16, -17, -18, 19, -20, -21, -22, 23, -24, 25, -26, -27, -28, 29, 30, 31, -32, -33, 34, -35, 36, -37, 38, -39, 40]",0.022018000000002758,168
f0020-04-s.cnf,"[0, 1, -2, -3, 4, -5, -6, -7, -8, -9, 10, 11, -12, -13, -14, -15, -16, -17, 18, 19, 20]",0.00020499999999401552,84
f0020-04-s.cnf,"[0, 1, -2, -3, -4, -5, -6, -7, -8, 9, 10, 11, -12, -13, -14, -15, -16, -17, 18, 19, 20]",0.005363000000045304,84
f0020-04-s.cnf,"[0, 1, -2, -3, 4, -5, -6, -7, -8, -9, 10, 11, -12, -13, -14, -15, -16, -17, 18, 19, 20]",0.0002139999999712927,84
f0020-04-s.cnf,"[0, 1, -2, -3, -4, -5, -6, -7, -8, 9, 10, -11, -12, -13, -14, -15, -16, -17, 18, 19, -20]",0.0018859999999563115,84
f0020-04-s.cnf,"[0, 1, -2, -3, -4, -5, -6, -7, -8, 9, 10, -11, -12, -13, -14, -15, -16, -17, 18, 19, -20]",0.0024259999999571846,84
f0020-04-s.cnf,"[0, 1, -2, -3, -4, -5, -6, -7, -8, 9, 10, -11, -12, -13, -14, -15, -16, -17, 18, 19, -20]",0.00039600000002337765,84
f0020-04-s.cnf,"[0, 1, -2, -3, -4, -5, -6, -7, -8, 9, 10, 11, -12, -13, -14, -15, -16, -17, 18, 19, 20]",0.005495999999993728,84
f0020-04-s.cnf,"[0, 1, -2, -3, -4, -5, -6, -7, -8, 9, 10, -11, -12, -13, -14, -15, -16, -17, 18, 19, -20]",0.0013289999999983593,84
f0020-04-s.cnf,"[0, 1, -2, -3, -4, -5, -6, -7, -8, 9, 10, -11, -12, -13, -14, -15, -16, -17, 18, 19, -20]",0.0018680000000017571,84
f0020-04-s.cnf,"[0, 1, -2, -3, -4, -5, -6, -7, -8, 9, 10, -11, -12, -13, -14, -15, -16, -17, 18, 19, -20]",0.008926000000030854,84
f0020-02-u.cnf,UNSAT,1.838741999999968,80
f0020-02-u.cnf,UNSAT,1.8453250000000025,82
f0020-02-u.cnf,UNSAT,1.8280439999999771,81
f0020-02-u.cnf,UNSAT,1.8372619999999529,81
f0020-02-u.cnf,UNSAT,1.834319999999991,82
f0020-02-u.cnf,UNSAT,1.8388689999999883,82
f0020-02-u.cnf,UNSAT,1.8268549999999664,82
f0020-02-u.cnf,UNSAT,1.8483570000000213,81
f0020-02-u.cnf,UNSAT,1.8296109999999999,79
f0020-02-u.cnf,UNSAT,1.8269030000000157,81
f0020-06-s.cnf,"[0, 1, 2, -3, -4, -5, 6, -7, 8, -9, 10, 11, -12, -13, -14, 15, 16, 17, 18, -19, 20]",0.00045999999997548,84
f0020-06-s.cnf,"[0, 1, 2, -3, -4, -5, 6, -7, 8, -9, 10, 11, -12, -13, -14, 15, 16, 17, 18, -19, 20]",0.0028940000000261534,84
f0020-06-s.cnf,"[0, 1, 2, -3, -4, -5, 6, -7, 8, -9, 10, 11, -12, -13, -14, 15, 16, 17, 18, -19, 20]",0.001767000000029384,84
f0020-06-s.cnf,"[0, 1, 2, -3, -4, -5, 6, 7, 8, -9, 10, 11, -12, -13, -14, 15, 16, 17, 18, -19, 20]",0.0031369999999810716,84
f0020-06-s.cnf,"[0, 1, 2, -3, -4, -5, 6, -7, 8, -9, 10, 11, -12, -13, -14, 15, 16, 17, 18, -19, 20]",0.00022999999998774,84
f0020-06-s.cnf,"[0, 1, 2, -3, -4, -5, 6, -7, 8, -9, 10, 11, -12, -13, -14, 15, 16, 17, 18, -19, 20]",0.0009519999999838547,84
f0020-06-s.cnf,"[0, 1, 2, -3, -4, -5, 6, -7, 8, -9, 10, 11, -12, -13, -14, 15, 16, 17, 18, -19, 20]",0.002417000000036751,84
f0020-06-s.cnf,"[0, 1, 2, -3, -4, -5, 6, -7, 8, -9, 10, 11, -12, -13, -14, 15, 16, 17, 18, -19, 20]",0.0013940000000047803,84
f0020-06-s.cnf,"[0, 1, 2, -3, -4, -5, 6, -7, 8, -9, 10, 11, -12, -13, -14, 15, 16, 17, 18, -19, 20]",0.000956000000030599,84
f0020-06-s.cnf,"[0, 1, 2, -3, -4, -5, 6, -7, 8, -9, 10, 11, -12, -13, -14, 15, 16, 17, 18, -19, 20]",0.0007940000000417058,84
f0040-06-u.cnf,UNSAT,3.55248899999998,164
f0040-06-u.cnf,UNSAT,3.546586999999988,166
f0040-06-u.cnf,UNSAT,3.547962000000041,167
f0040-06-u.cnf,UNSAT,3.536412000000041,167
f0040-06-u.cnf,UNSAT,3.517789999999991,166
f0040-06-u.cnf,UNSAT,3.5244920000000093,167
f0040-06-u.cnf,UNSAT,3.5544100000000185,165
f0040-06-u.cnf,UNSAT,3.5381830000000036,167
f0040-06-u.cnf,UNSAT,3.5534339999999816,159
f0040-06-u.cnf,UNSAT,3.539055000000019,167
f0020-08-s.cnf,"[0, 1, 2, -3, 4, -5, -6, -7, 8, 9, 10, 11, 12, -13, -14, -15, 16, 17, -18, -19, 20]",0.00089900000000398,84
f0020-08-s.cnf,"[0, 1, 2, -3, 4, -5, -6, -7, 8, 9, 10, -11, 12, 13, 14, -15, 16, -17, -18, -19, 20]",0.00032500000003210516,84
f0020-08-s.cnf,"[0, 1, 2, -3, 4, -5, -6, -7, 8, 9, 10, 11, 12, 13, 14, -15, 16, 17, -18, -19, 20]",0.0008139999999912106,84
f0020-08-s.cnf,"[0, 1, 2, -3, 4, -5, -6, -7, 8, 9, 10, 11, 12, 13, 14, -15, 16, 17, -18, -19, 20]",0.004858999999953539,84
f0020-08-s.cnf,"[0, 1, 2, -3, 4, -5, -6, -7, 8, 9, 10, 11, 12, 13, 14, -15, 16, 17, -18, -19, 20]",0.0027319999999804168,84
f0020-08-s.cnf,"[0, 1, 2, -3, 4, -5, -6, -7, 8, 9, 10, 11, 12, -13, -14, -15, 16, 17, -18, -19, 20]",0.0010720000000219443,84
f0020-08-s.cnf,"[0, 1, 2, -3, 4, -5, -6, -7, 8, 9, 10, -11, 12, 13, 14, -15, 16, 17, -18, -19, 20]",0.00035700000000815635,84
f0020-08-s.cnf,"[0, 1, 2, -3, 4, -5, -6, -7, 8, 9, 10, 11, 12, -13, -14, -15, 16, 17, -18, -19, 20]",0.0011989999999855172,84
f0020-08-s.cnf,"[0, 1, 2, -3, 4, -5, -6, -7, 8, 9, 10, -11, 12, -13, -14, -15, 16, 17, -18, -19, 20]",0.002192000000036387,84
f0020-08-s.cnf,"[0, 1, 2, -3, 4, -5, -6, -7, 8, 9, 10, -11, 12, -13, -14, -15, 16, 17, -18, -19, 20]",0.002858000000003358,84
f0040-08-u.cnf,UNSAT,3.506711999999993,164
f0040-08-u.cnf,UNSAT,3.5093610000000126,166
f0040-08-u.cnf,UNSAT,3.5195659999999975,166
f0040-08-u.cnf,UNSAT,3.532273000000032,162
f0040-08-u.cnf,UNSAT,3.4931760000000054,164
f0040-08-u.cnf,UNSAT,3.5038390000000277,163
f0040-08-u.cnf,UNSAT,3.506309999999985,166
f0040-08-u.cnf,UNSAT,3.50324599999999,166
f0040-08-u.cnf,UNSAT,3.5024680000000217,165
f0040-08-u.cnf,UNSAT,3.5092750000000024,166
f0020-08-u.cnf,UNSAT,1.8173350000000141,83
f0020-08-u.cnf,UNSAT,1.8218690000000493,79
f0020-08-u.cnf,UNSAT,1.8207869999999957,82
f0020-08-u.cnf,UNSAT,1.8255159999999933,83
f0020-08-u.cnf,UNSAT,1.8220570000000293,80
f0020-08-u.cnf,UNSAT,1.8231180000000222,82
f0020-08-u.cnf,UNSAT,1.819831000000022,83
f0020-08-u.cnf,UNSAT,1.82343800000001,83
f0020-08-u.cnf,UNSAT,1.8125870000000077,79
f0020-08-u.cnf,UNSAT,1.816411999999957,83
f0040-08-s.cnf,"[0, 1, 2, -3, 4, 5, 6, -7, 8, -9, 10, 11, 12, -13, -14, -15, -16, 17, 18, -19, -20, -21, 22, 23, -24, -25, 26, -27, 28, -29, -30, 31, 32, 33, 34, 35, 36, -37, -38, 39, -40]",0.009314000000017586,168
f0040-08-s.cnf,"[0, 1, 2, -3, 4, 5, 6, -7, 8, -9, 10, 11, 12, -13, -14, -15, -16, 17, 18, -19, -20, -21, 22, 23, -24, -25, 26, -27, 28, 29, -30, 31, 32, 33, 34, 35, 36, -37, -38, 39, -40]",0.01275500000002694,168
f0040-08-s.cnf,"[0, -1, 2, -3, 4, 5, 6, -7, 8, 9, -10, 11, 12, 13, -14, -15, -16, -17, -18, 19, -20, 21, -22, -23, 24, -25, -26, -27, -28, 29, -30, -31, -32, 33, -34, 35, 36, 37, -38, 39, 40]",0.014992000000006556,168
f0040-08-s.cnf,"[0, 1, 2, -3, 4, 5, 6, -7, 8, -9, 10, 11, 12, -13, -14, -15, -16, 17, 18, -19, -20, -21, 22, 23, -24, -25, 26, -27, 28, -29, -30, 31, 32, 33, 34, 35, 36, -37, -38, 39, -40]",0.029099000000030628,168
f0040-08-s.cnf,"[0, 1, 2, -3, 4, 5, 6, -7, 8, -9, 10, 11, 12, -13, -14, -15, -16, 17, 18, -19, -20, -21, 22, 23, -24, -25, 26, -27, 28, -29, -30, 31, 32, 33, 34, 35, 36, -37, -38, -39, -40]",0.013017999999988206,168
f0040-08-s.cnf,"[0, -1, 2, -3, 4, 5, 6, -7, 8, 9, -10, 11, 12, 13, -14, -15, -16, -17, -18, 19, -20, 21, -22, -23, 24, -25, -26, -27, -28, 29, -30, -31, 32, 33, -34, 35, 36, 37, -38, 39, -40]",0.0007089999999720931,168
f0040-08-s.cnf,"[0, 1, 2, -3, 4, 5, 6, -7, 8, -9, 10, 11, 12, -13, -14, -15, -16, 17, 18, -19, 20, -21, 22, 23, -24, -25, 26, 27, 28, 29, -30, 31, 32, 33, 34, 35, 36, -37, 38, 39, -40]",0.011854000000028009,168
f0040-08-s.cnf,"[0, 1, 2, -3, 4, 5, 6, -7, 8, -9, 10, 11, 12, -13, -14, -15, -16, 17, 18, -19, 20, -21, 22, 23, -24, -25, 26, -27, 28, 29, -30, 31, 32, 33, 34, 35, 36, -37, 38, -39, -40]",0.0025340000000255714,168
f0040-08-s.cnf,"[0, 1, 2, -3, 4, 5, 6, -7, 8, -9, 10, 11, 12, -13, -14, -15, -16, 17, 18, -19, -20, -21, 22, 23, -24, -25, 26, -27, 28, 29, -30, 31, 32, 33, 34, 35, 36, -37, -38, -39, -40]",0.011990999999966334,168
f0040-08-s.cnf,"[0, 1, 2, -3, 4, -5, 6, -7, 8, -9, 10, 11, 12, -13, -14, -15, -16, 17, 18, -19, -20, -21, 22, 23, -24, -25, 26, 27, 28, 29, -30, 31, 32, 33, 34, 35, 36, -37, -38, 39, -40]",0.031045000000005984,168
